"county.name","median.hhinc"
"Autauga, AL",62986
"Baldwin, AL",65091
"Barbour, AL",40998
"Bibb, AL",49671
"Blount, AL",55028
"Bullock, AL",43609
"Butler, AL",41486
"Calhoun, AL",50831
"Chambers, AL",41665
"Cherokee, AL",48348
"Chilton, AL",51001
"Choctaw, AL",39342
"Clarke, AL",44734
"Clay, AL",43909
"Cleburne, AL",46766
"Coffee, AL",55829
"Colbert, AL",50835
"Conecuh, AL",41397
"Coosa, AL",45162
"Covington, AL",45928
"Crenshaw, AL",45809
"Cullman, AL",51049
"Dale, AL",52048
"Dallas, AL",40237
"DeKalb, AL",45781
"Elmore, AL",62656
"Escambia, AL",43671
"Etowah, AL",48817
"Fayette, AL",42843
"Franklin, AL",44985
"Geneva, AL",42140
"Greene, AL",34818
"Hale, AL",38119
"Henry, AL",45852
"Houston, AL",57036
"Jackson, AL",44831
"Jefferson, AL",63818
"Lamar, AL",45745
"Lauderdale, AL",51299
"Lawrence, AL",49358
"Lee, AL",53200
"Limestone, AL",58542
"Lowndes, AL",43273
"Macon, AL",39606
"Madison, AL",72755
"Marengo, AL",42443
"Marion, AL",42434
"Marshall, AL",50566
"Mobile, AL",54264
"Monroe, AL",42892
"Montgomery, AL",61514
"Morgan, AL",56135
"Perry, AL",35854
"Pickens, AL",38349
"Pike, AL",43845
"Randolph, AL",49816
"Russell, AL",41817
"St. Clair, AL",57904
"Shelby, AL",87011
"Sumter, AL",32562
"Talladega, AL",46563
"Tallapoosa, AL",55323
"Tuscaloosa, AL",55804
"Walker, AL",49091
"Washington, AL",46137
"Wilcox, AL",33296
"Winston, AL",42241
"Aleutians East, AK",66298
"Aleutians West, AK",81581
"Anchorage, AK",87830
"Bethel, AK",67387
"Bristol Bay, AK",74416
"Denali, AK",77210
"Dillingham, AK",76112
"Fairbanks North Star, AK",78226
"Haines, AK",63216
"Hoonah-Angoon, AK",50474
"Juneau, AK",89329
"Kenai Peninsula, AK",68722
"Ketchikan Gateway, AK",67829
"Kodiak Island, AK",73525
"Lake and Peninsula, AK",53475
"Matanuska-Susitna, AK",76128
"Nome, AK",66839
"North Slope, AK",76066
"Northwest Arctic, AK",66619
"Petersburg, AK",69524
"Prince of Wales-Hyder, AK",57848
"Sitka, AK",74862
"Skagway, AK",87742
"Southeast Fairbanks, AK",69350
"Valdez-Cordova, AK",69691
"Wade Hampton, AK",46734
"Wrangell, AK",66358
"Yakutat, AK",78528
"Yukon-Koyukuk, AK",45892
"ARIZONA",67331
"Apache, AZ",38792
"Cochise, AZ",57505
"Coconino, AZ",62528
"Gila, AZ",47492
"Graham, AZ",48267
"Greenlee, AZ",53686
"La Paz, AZ",42951
"Maricopa, AZ",73917
"Mohave, AZ",52982
"Navajo, AZ",48104
"Pima, AZ",61700
"Pinal, AZ",59329
"Santa Cruz, AZ",52243
"Yavapai, AZ",59552
"Yuma, AZ",50321
"Arkansas, AR",48747
"Ashley, AR",45439
"Baxter, AR",45463
"Benton, AR",66853
"Boone, AR",48997
"Bradley, AR",38470
"Calhoun, AR",40817
"Carroll, AR",47134
"Chicot, AR",34520
"Clark, AR",43142
"Clay, AR",42015
"Cleburne, AR",49384
"Cleveland, AR",46454
"Columbia, AR",49915
"Conway, AR",47086
"Craighead, AR",54137
"Crawford, AR",49451
"Crittenden, AR",46473
"Cross, AR",46325
"Dallas, AR",39774
"Desha, AR",39119
"Drew, AR",44671
"Faulkner, AR",58774
"Franklin, AR",43097
"Fulton, AR",41122
"Garland, AR",52049
"Grant, AR",58346
"Greene, AR",44269
"Hempstead, AR",44412
"Hot Spring, AR",45238
"Howard, AR",49323
"Independence, AR",47528
"Izard, AR",40505
"Jackson, AR",38532
"Jefferson, AR",46974
"Johnson, AR",39656
"Lafayette, AR",42361
"Lawrence, AR",36831
"Lee, AR",36467
"Lincoln, AR",48438
"Little River, AR",44599
"Logan, AR",47290
"Lonoke, AR",59205
"Madison, AR",46780
"Marion, AR",44588
"Miller, AR",48504
"Mississippi, AR",45421
"Monroe, AR",37767
"Montgomery, AR",50462
"Nevada, AR",46790
"Newton, AR",36196
"Ouachita, AR",41441
"Perry, AR",50215
"Phillips, AR",36125
"Pike, AR",44774
"Poinsett, AR",40085
"Polk, AR",41834
"Pope, AR",49537
"Prairie, AR",39119
"Pulaski, AR",63694
"Randolph, AR",41720
"St. Francis, AR",36609
"Saline, AR",60925
"Scott, AR",41701
"Searcy, AR",35923
"Sebastian, AR",54256
"Sevier, AR",44149
"Sharp, AR",37284
"Stone, AR",36689
"Union, AR",48395
"Van Buren, AR",40420
"Washington, AR",57400
"White, AR",52269
"Woodruff, AR",43120
"Yell, AR",43477
"Alameda, CA",90454
"Alpine, CA",77112
"Amador, CA",68845
"Butte, CA",56860
"Calaveras, CA",68116
"Colusa, CA",59498
"Contra Costa, CA",102691
"Del Norte, CA",51199
"El Dorado, CA",89984
"Fresno, CA",62403
"Glenn, CA",54436
"Humboldt, CA",55963
"Imperial, CA",53611
"Inyo, CA",60947
"Kern, CA",62245
"Kings, CA",58852
"Lake, CA",52380
"Lassen, CA",60820
"Los Angeles, CA",78904
"Madera, CA",62176
"Marin, CA",127494
"Mariposa, CA",59526
"Mendocino, CA",58794
"Merced, CA",57835
"Modoc, CA",47694
"Mono, CA",67797
"Monterey, CA",78620
"Napa, CA",94014
"Nevada, CA",74320
"Orange, CA",99350
"Placer, CA",92212
"Plumas, CA",56652
"Riverside, CA",75250
"Sacramento, CA",72084
"San Benito, CA",83177
"San Bernardino, CA",69941
"San Diego, CA",83935
"San Francisco, CA",100898
"San Joaquin, CA",70751
"San Luis Obispo, CA",73775
"San Mateo, CA",117147
"Santa Barbara, CA",83178
"Santa Clara, CA",111213
"Santa Cruz, CA",89124
"Shasta, CA",60081
"Sierra, CA",59038
"Siskiyou, CA",50687
"Solano, CA",81584
"Sonoma, CA",83200
"Stanislaus, CA",66506
"Sutter, CA",66027
"Tehama, CA",51522
"Trinity, CA",50081
"Tulare, CA",57811
"Tuolumne, CA",66055
"Ventura, CA",95364
"Yolo, CA",74697
"Yuba, CA",58645
"Adams, CO",65821
"Alamosa, CO",46190
"Arapahoe, CO",79565
"Archuleta, CO",83754
"Baca, CO",43600
"Bent, CO",44294
"Boulder, CO",89863
"Broomfield, CO",91643
"Chaffee, CO",57883
"Cheyenne, CO",51589
"Clear Creek, CO",74534
"Conejos, CO",42813
"Costilla, CO",36196
"Crowley, CO",43091
"Custer, CO",53794
"Delta, CO",50301
"Denver, CO",67291
"Dolores, CO",47132
"Douglas, CO",118373
"Eagle, CO",94772
"Elbert, CO",93935
"El Paso, CO",71590
"Fremont, CO",52141
"Garfield, CO",76050
"Gilpin, CO",66238
"Grand, CO",64702
"Gunnison, CO",60417
"Hinsdale, CO",84029
"Huerfano, CO",45924
"Jackson, CO",49001
"Jefferson, CO",82712
"Kiowa, CO",53452
"Kit Carson, CO",50731
"Lake, CO",46231
"La Plata, CO",71276
"Larimer, CO",71845
"Las Animas, CO",49594
"Lincoln, CO",51877
"Logan, CO",52266
"Mesa, CO",65058
"Mineral, CO",101184
"Moffat, CO",58512
"Montezuma, CO",56770
"Montrose, CO",56363
"Morgan, CO",52905
"Otero, CO",43666
"Ouray, CO",69831
"Park, CO",71470
"Phillips, CO",51788
"Pitkin, CO",127611
"Prowers, CO",44795
"Pueblo, CO",53467
"Rio Blanco, CO",65302
"Rio Grande, CO",51293
"Routt, CO",79772
"Saguache, CO",48278
"San Juan, CO",52036
"San Miguel, CO",90633
"Sedgwick, CO",49458
"Summit, CO",85266
"Teller, CO",71198
"Washington, CO",49194
"Weld, CO",67806
"Yuma, CO",52215
"Fairfield, CT",130520
"Hartford, CT",82369
"Litchfield, CT",88482
"Middlesex, CT",92375
"New Haven, CT",79503
"New London, CT",81856
"Tolland, CT",88676
"Windham, CT",66409
"Kent, DE",62967
"New Castle, DE",81327
"Sussex, DE",65007
"District of Columbia",90580
"Alachua, FL",58679
"Baker, FL",55086
"Bay, FL",59243
"Bradford, FL",50955
"Brevard, FL",64454
"Broward, FL",71771
"Calhoun, FL",42130
"Charlotte, FL",59517
"Citrus, FL",51161
"Clay, FL",72515
"Collier, FL",92321
"Columbia, FL",49479
"DeSoto, FL",49121
"Dixie, FL",41262
"Duval, FL",63937
"Escambia, FL",57378
"Flagler, FL",59937
"Franklin, FL",53943
"Gadsden, FL",46788
"Gilchrist, FL",52643
"Glades, FL",52049
"Gulf, FL",51960
"Hamilton, FL",48336
"Hardee, FL",47998
"Hendry, FL",47832
"Hernando, FL",54245
"Highlands, FL",44149
"Hillsborough, FL",68169
"Holmes, FL",40890
"Indian River, FL",73411
"Jackson, FL",46660
"Jefferson, FL",54176
"Lafayette, FL",52815
"Lake, FL",59255
"Lee, FL",70979
"Leon, FL",61054
"Levy, FL",46475
"Liberty, FL",50629
"Madison, FL",46076
"Manatee, FL",65746
"Marion, FL",53113
"Martin, FL",82782
"Miami-Dade, FL",63299
"Monroe, FL",81935
"Nassau, FL",72428
"Okaloosa, FL",69108
"Okeechobee, FL",52350
"Orange, FL",67693
"Osceola, FL",58027
"Palm Beach, FL",80537
"Pasco, FL",57382
"Pinellas, FL",63210
"Polk, FL",56720
"Putnam, FL",44962
"St. Johns, FL",90804
"St. Lucie, FL",59822
"Santa Rosa, FL",67325
"Sarasota, FL",70887
"Seminole, FL",76651
"Sumter, FL",52368
"Suwannee, FL",45825
"Taylor, FL",46578
"Union, FL",48539
"Volusia, FL",57691
"Wakulla, FL",59188
"Walton, FL",65675
"Washington, FL",45903
"Appling, GA",44815
"Atkinson, GA",43949
"Bacon, GA",43652
"Baker, GA",42050
"Baldwin, GA",48986
"Banks, GA",51256
"Barrow, GA",58145
"Bartow, GA",62521
"Ben Hill, GA",39525
"Berrien, GA",42824
"Bibb, GA",54385
"Bleckley, GA",50029
"Brantley, GA",49967
"Brooks, GA",52816
"Bryan, GA",75930
"Bulloch, GA",47863
"Burke, GA",42762
"Butts, GA",57598
"Calhoun, GA",38411
"Camden, GA",57088
"Candler, GA",45932
"Carroll, GA",55730
"Catoosa, GA",56463
"Charlton, GA",48265
"Chatham, GA",62131
"Chattahoochee, GA",51967
"Chattooga, GA",39452
"Cherokee, GA",82688
"Clarke, GA",50704
"Clay, GA",37477
"Clayton, GA",53719
"Clinch, GA",40425
"Cobb, GA",87089
"Coffee, GA",45660
"Colquitt, GA",46292
"Columbia, GA",80463
"Cook, GA",41189
"Coweta, GA",71725
"Crawford, GA",48385
"Crisp, GA",42840
"Dade, GA",50609
"Dawson, GA",65669
"Decatur, GA",44962
"DeKalb, GA",71354
"Dodge, GA",40938
"Dooly, GA",39713
"Dougherty, GA",50744
"Douglas, GA",67867
"Early, GA",41433
"Echols, GA",40395
"Effingham, GA",63602
"Elbert, GA",43453
"Emanuel, GA",40477
"Evans, GA",45520
"Fannin, GA",47451
"Fayette, GA",98220
"Floyd, GA",54695
"Forsyth, GA",103558
"Franklin, GA",48000
"Fulton, GA",93418
"Gilmer, GA",46472
"Glascock, GA",41709
"Glynn, GA",66849
"Gordon, GA",48323
"Grady, GA",48293
"Greene, GA",60203
"Gwinnett, GA",79764
"Habersham, GA",54144
"Hall, GA",67887
"Hancock, GA",35308
"Haralson, GA",49966
"Harris, GA",77209
"Hart, GA",51789
"Heard, GA",45552
"Henry, GA",75121
"Houston, GA",65359
"Irwin, GA",48759
"Jackson, GA",58737
"Jasper, GA",53984
"Jeff Davis, GA",40336
"Jefferson, GA",38483
"Jenkins, GA",43772
"Johnson, GA",44169
"Jones, GA",57586
"Lamar, GA",46358
"Lanier, GA",44971
"Laurens, GA",51373
"Lee, GA",70990
"Liberty, GA",48176
"Lincoln, GA",43657
"Long, GA",42509
"Lowndes, GA",52982
"Lumpkin, GA",52021
"McDuffie, GA",46476
"McIntosh, GA",49959
"Macon, GA",39385
"Madison, GA",48831
"Marion, GA",42110
"Meriwether, GA",45829
"Miller, GA",49399
"Mitchell, GA",44193
"Monroe, GA",68789
"Montgomery, GA",46309
"Morgan, GA",66432
"Murray, GA",47740
"Muscogee, GA",54518
"Newton, GA",62023
"Oconee, GA",87988
"Oglethorpe, GA",51946
"Paulding, GA",65113
"Peach, GA",53803
"Pickens, GA",66387
"Pierce, GA",46472
"Pike, GA",58267
"Polk, GA",49736
"Pulaski, GA",41505
"Putnam, GA",60110
"Quitman, GA",38764
"Rabun, GA",54103
"Randolph, GA",44459
"Richmond, GA",50050
"Rockdale, GA",66932
"Schley, GA",45128
"Screven, GA",45485
"Seminole, GA",47882
"Spalding, GA",52510
"Stephens, GA",45372
"Stewart, GA",35365
"Sumter, GA",45252
"Talbot, GA",41628
"Taliaferro, GA",31726
"Tattnall, GA",47213
"Taylor, GA",39053
"Telfair, GA",34265
"Terrell, GA",41132
"Thomas, GA",54732
"Tift, GA",48909
"Toombs, GA",44784
"Towns, GA",53138
"Treutlen, GA",39506
"Troup, GA",50684
"Turner, GA",41959
"Twiggs, GA",44485
"Union, GA",53534
"Upson, GA",43564
"Walker, GA",49324
"Walton, GA",63298
"Ware, GA",44448
"Warren, GA",39470
"Washington, GA",43005
"Wayne, GA",51380
"Webster, GA",36407
"Wheeler, GA",39259
"White, GA",54876
"Whitfield, GA",56377
"Wilcox, GA",39351
"Wilkes, GA",41898
"Wilkinson, GA",46006
"Worth, GA",49179
"Hawaii, HI",70467
"Honolulu, HI",83341
"Kalawao, HI",58672
"Kauai, HI",76049
"Maui, HI",81185
"Ada, ID",71190
"Adams, ID",54296
"Bannock, ID",55687
"Bear Lake, ID",50489
"Benewah, ID",44833
"Bingham, ID",55940
"Blaine, ID",76484
"Boise, ID",56689
"Bonner, ID",57469
"Bonneville, ID",64060
"Boundary, ID",44479
"Butte, ID",47146
"Camas, ID",57378
"Canyon, ID",52255
"Caribou, ID",53150
"Cassia, ID",49069
"Clark, ID",40789
"Clearwater, ID",50604
"Custer, ID",50360
"Elmore, ID",53415
"Franklin, ID",55029
"Fremont, ID",53064
"Gem, ID",50810
"Gooding, ID",46863
"Idaho, ID",44168
"Jefferson, ID",58298
"Jerome, ID",49304
"Kootenai, ID",59238
"Latah, ID",48604
"Lemhi, ID",47745
"Lewis, ID",42586
"Lincoln, ID",51884
"Madison, ID",48752
"Minidoka, ID",47906
"Nez Perce, ID",54770
"Oneida, ID",48057
"Owyhee, ID",46614
"Payette, ID",55413
"Power, ID",49522
"Shoshone, ID",41901
"Teton, ID",60663
"Twin Falls, ID",51346
"Valley, ID",62365
"Washington, ID",48378
"Adams, IL",57073
"Alexander, IL",37219
"Bond, IL",57662
"Boone, IL",73040
"Brown, IL",51513
"Bureau, IL",56882
"Calhoun, IL",51554
"Carroll, IL",56798
"Cass, IL",50460
"Champaign, IL",58827
"Christian, IL",50877
"Clark, IL",55492
"Clay, IL",45587
"Clinton, IL",64884
"Coles, IL",49302
"Cook, IL",75891
"Crawford, IL",52937
"Cumberland, IL",51746
"DeKalb, IL",65174
"De Witt, IL",58818
"Douglas, IL",55186
"DuPage, IL",101154
"Edgar, IL",49191
"Edwards, IL",49007
"Effingham, IL",58723
"Fayette, IL",50809
"Ford, IL",55439
"Franklin, IL",42901
"Fulton, IL",50100
"Gallatin, IL",48321
"Greene, IL",52057
"Grundy, IL",73113
"Hamilton, IL",48350
"Hancock, IL",54224
"Hardin, IL",42385
"Henderson, IL",47456
"Henry, IL",60349
"Iroquois, IL",57508
"Jackson, IL",43165
"Jasper, IL",50417
"Jefferson, IL",52627
"Jersey, IL",60597
"Jo Daviess, IL",62442
"Johnson, IL",50735
"Kane, IL",85699
"Kankakee, IL",60326
"Kendall, IL",88586
"Knox, IL",49433
"Lake, IL",110190
"LaSalle, IL",60665
"Lawrence, IL",48023
"Lee, IL",61757
"Livingston, IL",58247
"Logan, IL",57379
"McDonough, IL",45447
"McHenry, IL",90247
"McLean, IL",69797
"Macon, IL",58813
"Macoupin, IL",55767
"Madison, IL",63476
"Marion, IL",48067
"Marshall, IL",57235
"Mason, IL",55193
"Massac, IL",46310
"Menard, IL",65441
"Mercer, IL",60753
"Monroe, IL",76565
"Montgomery, IL",53781
"Morgan, IL",57553
"Moultrie, IL",60719
"Ogle, IL",62868
"Peoria, IL",65479
"Perry, IL",46291
"Piatt, IL",66033
"Pike, IL",49989
"Pope, IL",45175
"Pulaski, IL",41370
"Putnam, IL",62048
"Randolph, IL",51965
"Richland, IL",51847
"Rock Island, IL",58009
"St. Clair, IL",60450
"Saline, IL",46729
"Sangamon, IL",65346
"Schuyler, IL",49500
"Scott, IL",63422
"Shelby, IL",52839
"Stark, IL",62761
"Stephenson, IL",54520
"Tazewell, IL",65971
"Union, IL",49099
"Vermilion, IL",49085
"Wabash, IL",55701
"Warren, IL",48351
"Washington, IL",58637
"Wayne, IL",47718
"White, IL",50331
"Whiteside, IL",55614
"Will, IL",87429
"Williamson, IL",50402
"Winnebago, IL",60237
"Woodford, IL",77056
"Adams, IN",52399
"Allen, IN",60495
"Bartholomew, IN",68396
"Benton, IN",52398
"Blackford, IN",50394
"Boone, IN",97188
"Brown, IN",62104
"Carroll, IN",57528
"Cass, IN",52573
"Clark, IN",55904
"Clay, IN",51557
"Clinton, IN",56975
"Crawford, IN",43992
"Daviess, IN",51167
"Dearborn, IN",66077
"Decatur, IN",56312
"DeKalb, IN",56113
"Delaware, IN",49185
"Dubois, IN",64309
"Elkhart, IN",61076
"Fayette, IN",46868
"Floyd, IN",64030
"Fountain, IN",51032
"Franklin, IN",60837
"Fulton, IN",51589
"Gibson, IN",55440
"Grant, IN",49534
"Greene, IN",49741
"Hamilton, IN",105676
"Hancock, IN",73780
"Harrison, IN",61414
"Hendricks, IN",77024
"Henry, IN",50259
"Howard, IN",57837
"Huntington, IN",54286
"Jackson, IN",53236
"Jasper, IN",62044
"Jay, IN",47407
"Jefferson, IN",51728
"Jennings, IN",48138
"Johnson, IN",72340
"Knox, IN",49647
"Kosciusko, IN",60452
"LaGrange, IN",57134
"Lake, IN",59532
"LaPorte, IN",59191
"Lawrence, IN",50926
"Madison, IN",53356
"Marion, IN",59118
"Marshall, IN",59526
"Martin, IN",53562
"Miami, IN",48473
"Monroe, IN",54280
"Montgomery, IN",57638
"Morgan, IN",63876
"Newton, IN",59707
"Noble, IN",54012
"Ohio, IN",62020
"Orange, IN",46476
"Owen, IN",51164
"Parke, IN",48533
"Perry, IN",50031
"Pike, IN",48038
"Porter, IN",72143
"Posey, IN",66804
"Pulaski, IN",54981
"Putnam, IN",58956
"Randolph, IN",48731
"Ripley, IN",57408
"Rush, IN",53206
"St. Joseph, IN",58958
"Scott, IN",46857
"Shelby, IN",66850
"Spencer, IN",59651
"Starke, IN",46826
"Steuben, IN",56923
"Sullivan, IN",49679
"Switzerland, IN",54058
"Tippecanoe, IN",55689
"Tipton, IN",57893
"Union, IN",47634
"Vanderburgh, IN",56784
"Vermillion, IN",52334
"Vigo, IN",50326
"Wabash, IN",50887
"Warren, IN",55594
"Warrick, IN",75910
"Washington, IN",47620
"Wayne, IN",53013
"Wells, IN",57530
"White, IN",53008
"Whitley, IN",60387
"Adair, IA",52090
"Adams, IA",58623
"Allamakee, IA",51852
"Appanoose, IA",45946
"Audubon, IA",54515
"Benton, IA",62662
"Black Hawk, IA",54574
"Boone, IA",60221
"Bremer, IA",64508
"Buchanan, IA",60199
"Buena Vista, IA",53822
"Butler, IA",55932
"Calhoun, IA",51430
"Carroll, IA",57795
"Cass, IA",50654
"Cedar, IA",59362
"Cerro Gordo, IA",57180
"Cherokee, IA",52637
"Chickasaw, IA",52027
"Clarke, IA",53623
"Clay, IA",52379
"Clayton, IA",51837
"Clinton, IA",54487
"Crawford, IA",50883
"Dallas, IA",83638
"Davis, IA",57067
"Decatur, IA",43573
"Delaware, IA",55299
"Des Moines, IA",54651
"Dickinson, IA",60970
"Dubuque, IA",60764
"Emmet, IA",55463
"Fayette, IA",50861
"Floyd, IA",48939
"Franklin, IA",52321
"Fremont, IA",54654
"Greene, IA",53419
"Grundy, IA",63540
"Guthrie, IA",61224
"Hamilton, IA",58602
"Hancock, IA",54356
"Hardin, IA",54907
"Harrison, IA",57403
"Henry, IA",56710
"Howard, IA",52051
"Humboldt, IA",56120
"Ida, IA",52192
"Iowa, IA",64725
"Jackson, IA",53540
"Jasper, IA",57044
"Jefferson, IA",50794
"Johnson, IA",65967
"Jones, IA",55258
"Keokuk, IA",49921
"Kossuth, IA",59778
"Lee, IA",50742
"Linn, IA",66795
"Louisa, IA",52772
"Lucas, IA",49173
"Lyon, IA",56602
"Madison, IA",68331
"Mahaska, IA",54039
"Marion, IA",61709
"Marshall, IA",56391
"Mills, IA",66942
"Mitchell, IA",55070
"Monona, IA",47154
"Monroe, IA",47669
"Montgomery, IA",48554
"Muscatine, IA",61051
"O'Brien, IA",56266
"Osceola, IA",51625
"Page, IA",51595
"Palo Alto, IA",49608
"Plymouth, IA",69544
"Pocahontas, IA",49711
"Polk, IA",71620
"Pottawattamie, IA",59818
"Poweshiek, IA",60607
"Ringgold, IA",51309
"Sac, IA",51170
"Scott, IA",66062
"Shelby, IA",52548
"Sioux, IA",58416
"Story, IA",61415
"Tama, IA",55204
"Taylor, IA",47747
"Union, IA",47719
"Van Buren, IA",49682
"Wapello, IA",52266
"Warren, IA",74011
"Washington, IA",56349
"Wayne, IA",42100
"Webster, IA",52736
"Winnebago, IA",48322
"Winneshiek, IA",61901
"Woodbury, IA",55061
"Worth, IA",62982
"Wright, IA",53278
"Allen, KS",46743
"Anderson, KS",48873
"Atchison, KS",54418
"Barber, KS",49566
"Barton, KS",51419
"Bourbon, KS",45627
"Brown, KS",47058
"Butler, KS",70184
"Chase, KS",49764
"Chautauqua, KS",48827
"Cherokee, KS",45876
"Cheyenne, KS",41275
"Clark, KS",57573
"Clay, KS",54345
"Cloud, KS",42032
"Coffey, KS",55114
"Comanche, KS",51662
"Cowley, KS",51072
"Crawford, KS",45436
"Decatur, KS",41476
"Dickinson, KS",52242
"Doniphan, KS",51085
"Douglas, KS",61641
"Edwards, KS",53076
"Elk, KS",44242
"Ellis, KS",55489
"Ellsworth, KS",54109
"Finney, KS",60931
"Ford, KS",53384
"Franklin, KS",55716
"Geary, KS",53676
"Gove, KS",48153
"Graham, KS",50956
"Grant, KS",66248
"Gray, KS",58712
"Greeley, KS",72209
"Greenwood, KS",46103
"Hamilton, KS",42476
"Harper, KS",48776
"Harvey, KS",58129
"Haskell, KS",64348
"Hodgeman, KS",49249
"Jackson, KS",59065
"Jefferson, KS",63273
"Jewell, KS",48392
"Johnson, KS",94590
"Kearny, KS",50996
"Kingman, KS",53848
"Kiowa, KS",49172
"Labette, KS",52334
"Lane, KS",53588
"Leavenworth, KS",70637
"Lincoln, KS",47506
"Linn, KS",52552
"Logan, KS",46742
"Lyon, KS",44334
"McPherson, KS",62210
"Marion, KS",50534
"Marshall, KS",49830
"Meade, KS",57446
"Miami, KS",69273
"Mitchell, KS",53475
"Montgomery, KS",48609
"Morris, KS",50273
"Morton, KS",58136
"Nemaha, KS",56128
"Neosho, KS",46548
"Ness, KS",57183
"Norton, KS",45186
"Osage, KS",54436
"Osborne, KS",46757
"Ottawa, KS",54936
"Pawnee, KS",47861
"Phillips, KS",49501
"Pottawatomie, KS",65851
"Pratt, KS",53838
"Rawlins, KS",47057
"Reno, KS",52259
"Republic, KS",49486
"Rice, KS",47205
"Riley, KS",51287
"Rooks, KS",50371
"Rush, KS",46611
"Russell, KS",49998
"Saline, KS",55134
"Scott, KS",68802
"Sedgwick, KS",62630
"Seward, KS",52468
"Shawnee, KS",59707
"Sheridan, KS",53823
"Sherman, KS",52280
"Smith, KS",48236
"Stafford, KS",46645
"Stanton, KS",53801
"Stevens, KS",57431
"Sumner, KS",59387
"Thomas, KS",50665
"Trego, KS",46658
"Wabaunsee, KS",56981
"Wallace, KS",51785
"Washington, KS",48651
"Wichita, KS",50591
"Wilson, KS",45352
"Woodson, KS",51245
"Wyandotte, KS",48076
"Adair, KY",38446
"Allen, KY",40492
"Anderson, KY",61302
"Ballard, KY",54645
"Barren, KY",49742
"Bath, KY",39213
"Bell, KY",34732
"Boone, KY",76035
"Bourbon, KY",48970
"Boyd, KY",53804
"Boyle, KY",55074
"Bracken, KY",48459
"Breathitt, KY",34650
"Breckinridge, KY",47700
"Bullitt, KY",60720
"Butler, KY",41658
"Caldwell, KY",46136
"Calloway, KY",49047
"Campbell, KY",66448
"Carlisle, KY",43852
"Carroll, KY",57832
"Carter, KY",45843
"Casey, KY",35491
"Christian, KY",47092
"Clark, KY",56809
"Clay, KY",32492
"Clinton, KY",32265
"Crittenden, KY",45070
"Cumberland, KY",36748
"Daviess, KY",53957
"Edmonson, KY",44228
"Elliott, KY",35252
"Estill, KY",38056
"Fayette, KY",65770
"Fleming, KY",42611
"Floyd, KY",40845
"Franklin, KY",60695
"Fulton, KY",38119
"Gallatin, KY",46768
"Garrard, KY",46053
"Grant, KY",54003
"Graves, KY",47904
"Grayson, KY",43885
"Green, KY",51979
"Greenup, KY",51795
"Hancock, KY",50660
"Hardin, KY",57512
"Harlan, KY",38309
"Harrison, KY",48923
"Hart, KY",41380
"Henderson, KY",52886
"Henry, KY",53404
"Hickman, KY",44038
"Hopkins, KY",50209
"Jackson, KY",35632
"Jefferson, KY",62051
"Jessamine, KY",63933
"Johnson, KY",48220
"Kenton, KY",67358
"Knott, KY",38369
"Knox, KY",34212
"Larue, KY",47419
"Laurel, KY",48347
"Lawrence, KY",38605
"Lee, KY",28550
"Leslie, KY",33309
"Letcher, KY",39921
"Lewis, KY",36464
"Lincoln, KY",41909
"Livingston, KY",50226
"Logan, KY",48131
"Lyon, KY",47893
"McCracken, KY",56245
"McCreary, KY",31322
"McLean, KY",52520
"Madison, KY",53318
"Magoffin, KY",32663
"Marion, KY",48550
"Marshall, KY",51451
"Martin, KY",32023
"Mason, KY",51651
"Meade, KY",50683
"Menifee, KY",37538
"Mercer, KY",56360
"Metcalfe, KY",45441
"Monroe, KY",37800
"Montgomery, KY",46357
"Morgan, KY",51836
"Muhlenberg, KY",45717
"Nelson, KY",56383
"Nicholas, KY",42906
"Ohio, KY",44920
"Oldham, KY",100787
"Owen, KY",50769
"Owsley, KY",30950
"Pendleton, KY",51453
"Perry, KY",46769
"Pike, KY",44301
"Powell, KY",39812
"Pulaski, KY",44353
"Robertson, KY",39976
"Rockcastle, KY",35482
"Rowan, KY",45533
"Russell, KY",39797
"Scott, KY",75355
"Shelby, KY",73064
"Simpson, KY",49967
"Spencer, KY",67156
"Taylor, KY",41979
"Todd, KY",47783
"Trigg, KY",54478
"Trimble, KY",53148
"Union, KY",46902
"Warren, KY",58314
"Washington, KY",53038
"Wayne, KY",35986
"Webster, KY",45950
"Whitley, KY",39999
"Wolfe, KY",29307
"Woodford, KY",71107
"Acadia, LA",47311
"Allen, LA",47393
"Ascension, LA",72620
"Assumption, LA",56032
"Avoyelles, LA",43147
"Beauregard, LA",54309
"Bienville, LA",47061
"Bossier, LA",63024
"Caddo, LA",54708
"Calcasieu, LA",59348
"Caldwell, LA",48751
"Cameron, LA",63383
"Catahoula, LA",46614
"Claiborne, LA",43980
"Concordia, LA",38704
"De Soto, LA",50603
"East Baton Rouge, LA",63810
"East Carroll, LA",43744
"East Feliciana, LA",50791
"Evangeline, LA",47531
"Franklin, LA",44376
"Grant, LA",50606
"Iberia, LA",53825
"Iberville, LA",53850
"Jackson, LA",47088
"Jefferson, LA",65373
"Jefferson Davis, LA",50238
"Lafayette, LA",65630
"Lafourche, LA",60697
"La Salle, LA",48995
"Lincoln, LA",48831
"Livingston, LA",61950
"Madison, LA",39532
"Morehouse, LA",41283
"Natchitoches, LA",43010
"Orleans, LA",59880
"Ouachita, LA",54231
"Plaquemines, LA",62723
"Pointe Coupee, LA",53098
"Rapides, LA",55300
"Red River, LA",49060
"Richland, LA",47023
"Sabine, LA",48126
"St. Bernard, LA",49393
"St. Charles, LA",70803
"St. Helena, LA",42339
"St. James, LA",61351
"St. John the Baptist, LA",60396
"St. Landry, LA",42934
"St. Martin, LA",54686
"St. Mary, LA",51112
"St. Tammany, LA",76632
"Tangipahoa, LA",50638
"Tensas, LA",37898
"Terrebonne, LA",61206
"Union, LA",50166
"Vermilion, LA",53081
"Vernon, LA",49558
"Washington, LA",44227
"Webster, LA",46572
"West Baton Rouge, LA",57009
"West Carroll, LA",43325
"West Feliciana, LA",57600
"Winn, LA",40851
"Androscoggin, ME",53487
"Aroostook, ME",44661
"Cumberland, ME",71483
"Franklin, ME",49782
"Hancock, ME",62621
"Kennebec, ME",58114
"Knox, ME",58701
"Lincoln, ME",63786
"Oxford, ME",50462
"Penobscot, ME",54145
"Piscataquis, ME",43710
"Sagadahoc, ME",64181
"Somerset, ME",46301
"Waldo, ME",51930
"Washington, ME",43154
"York, ME",65629
"Allegany, MD",49734
"Anne Arundel, MD",100597
"Baltimore, MD",81994
"Calvert, MD",103208
"Caroline, MD",62129
"Carroll, MD",92595
"Cecil, MD",76699
"Charles, MD",97354
"Dorchester, MD",58439
"Frederick, MD",94069
"Garrett, MD",57264
"Harford, MD",88353
"Howard, MD",120835
"Kent, MD",71043
"Montgomery, MD",124317
"Prince George's, MD",83820
"Queen Anne's, MD",95345
"St. Mary's, MD",88646
"Somerset, MD",52898
"Talbot, MD",87894
"Washington, MD",67973
"Wicomico, MD",65136
"Worcester, MD",69544
"Baltimore city, MD",55561
"Barnstable, MA",78222
"Berkshire, MA",65704
"Bristol, MA",70300
"Dukes, MA",83222
"Essex, MA",85857
"Franklin, MA",63141
"Hampden, MA",62087
"Hampshire, MA",72749
"Middlesex, MA",101179
"Nantucket, MA",130437
"Norfolk, MA",107055
"Plymouth, MA",89871
"Suffolk, MA",74479
"Worcester, MA",78739
"Alcona, MI",44983
"Alger, MI",50245
"Allegan, MI",61547
"Alpena, MI",46588
"Antrim, MI",59541
"Arenac, MI",46207
"Baraga, MI",47243
"Barry, MI",64430
"Bay, MI",56041
"Benzie, MI",55297
"Berrien, MI",58763
"Branch, MI",52154
"Calhoun, MI",55292
"Cass, MI",58388
"Charlevoix, MI",69961
"Cheboygan, MI",51207
"Chippewa, MI",51611
"Clare, MI",44127
"Clinton, MI",72413
"Crawford, MI",51344
"Delta, MI",51119
"Dickinson, MI",53745
"Eaton, MI",63835
"Emmet, MI",66317
"Genesee, MI",56836
"Gladwin, MI",46877
"Gogebic, MI",43308
"Grand Traverse, MI",64213
"Gratiot, MI",51788
"Hillsdale, MI",51961
"Houghton, MI",43940
"Huron, MI",50555
"Ingham, MI",59557
"Ionia, MI",54321
"Iosco, MI",47458
"Iron, MI",43090
"Isabella, MI",49938
"Jackson, MI",58094
"Kalamazoo, MI",60328
"Kalkaska, MI",47264
"Kent, MI",64945
"Keweenaw, MI",41853
"Lake, MI",39664
"Lapeer, MI",68740
"Leelanau, MI",75234
"Lenawee, MI",59821
"Livingston, MI",87150
"Luce, MI",43509
"Mackinac, MI",49663
"Macomb, MI",66971
"Manistee, MI",50768
"Marquette, MI",56278
"Mason, MI",50686
"Mecosta, MI",46672
"Menominee, MI",49489
"Midland, MI",69364
"Missaukee, MI",47244
"Monroe, MI",67517
"Montcalm, MI",49546
"Montmorency, MI",41850
"Muskegon, MI",52030
"Newaygo, MI",53430
"Oakland, MI",89832
"Oceana, MI",47780
"Ogemaw, MI",44375
"Ontonagon, MI",43349
"Osceola, MI",45071
"Oscoda, MI",45546
"Otsego, MI",56024
"Ottawa, MI",70703
"Presque Isle, MI",46552
"Roscommon, MI",42391
"Saginaw, MI",54790
"St. Clair, MI",61088
"St. Joseph, MI",53171
"Sanilac, MI",48729
"Schoolcraft, MI",46449
"Shiawassee, MI",56046
"Tuscola, MI",51809
"Van Buren, MI",57337
"Washtenaw, MI",78104
"Wayne, MI",56640
"Wexford, MI",50164
"Aitkin, MN",48305
"Anoka, MN",79187
"Becker, MN",58410
"Beltrami, MN",53782
"Benton, MN",59149
"Big Stone, MN",48600
"Blue Earth, MN",57784
"Brown, MN",57373
"Carlton, MN",59141
"Carver, MN",98744
"Cass, MN",55195
"Chippewa, MN",53307
"Chisago, MN",71682
"Clay, MN",57103
"Clearwater, MN",48724
"Cook, MN",57307
"Cottonwood, MN",55802
"Crow Wing, MN",55933
"Dakota, MN",88266
"Dodge, MN",70278
"Douglas, MN",56166
"Faribault, MN",49287
"Fillmore, MN",55354
"Freeborn, MN",54776
"Goodhue, MN",65496
"Grant, MN",52016
"Hennepin, MN",84682
"Houston, MN",60767
"Hubbard, MN",56046
"Isanti, MN",67570
"Itasca, MN",53647
"Jackson, MN",53785
"Kanabec, MN",53420
"Kandiyohi, MN",65605
"Kittson, MN",55530
"Koochiching, MN",53032
"Lac qui Parle, MN",54095
"Lake, MN",53795
"Lake of the Woods, MN",67399
"Le Sueur, MN",65840
"Lincoln, MN",53837
"Lyon, MN",56089
"McLeod, MN",67237
"Mahnomen, MN",48418
"Marshall, MN",54991
"Martin, MN",56894
"Meeker, MN",60055
"Mille Lacs, MN",53868
"Morrison, MN",56522
"Mower, MN",56007
"Murray, MN",54688
"Nicollet, MN",65263
"Nobles, MN",54244
"Norman, MN",50725
"Olmsted, MN",82165
"Otter Tail, MN",53095
"Pennington, MN",50509
"Pine, MN",52810
"Pipestone, MN",48771
"Polk, MN",54050
"Pope, MN",57688
"Ramsey, MN",70164
"Red Lake, MN",52928
"Redwood, MN",55159
"Renville, MN",55168
"Rice, MN",67065
"Rock, MN",54667
"Roseau, MN",58262
"St. Louis, MN",56338
"Scott, MN",95776
"Sherburne, MN",79434
"Sibley, MN",59114
"Stearns, MN",64519
"Steele, MN",63377
"Stevens, MN",55074
"Swift, MN",51579
"Todd, MN",51595
"Traverse, MN",49741
"Wabasha, MN",62421
"Wadena, MN",44365
"Waseca, MN",58000
"Washington, MN",96462
"Watonwan, MN",51683
"Wilkin, MN",59439
"Winona, MN",55512
"Wright, MN",76319
"Yellow Medicine, MN",53214
"Adams, MS",43509
"Alcorn, MS",44914
"Amite, MS",39200
"Attala, MS",43941
"Benton, MS",35814
"Bolivar, MS",39326
"Calhoun, MS",36164
"Carroll, MS",40615
"Chickasaw, MS",39440
"Choctaw, MS",41503
"Claiborne, MS",32852
"Clarke, MS",42067
"Clay, MS",40627
"Coahoma, MS",40373
"Copiah, MS",45470
"Covington, MS",42961
"DeSoto, MS",66888
"Forrest, MS",46664
"Franklin, MS",56369
"George, MS",55605
"Greene, MS",43547
"Grenada, MS",44416
"Hancock, MS",56746
"Harrison, MS",58305
"Hinds, MS",54695
"Holmes, MS",31691
"Humphreys, MS",35208
"Issaquena, MS",32093
"Itawamba, MS",49047
"Jackson, MS",59696
"Jasper, MS",44689
"Jefferson, MS",34870
"Jefferson Davis, MS",34990
"Jones, MS",47010
"Kemper, MS",38748
"Lafayette, MS",57398
"Lamar, MS",67769
"Lauderdale, MS",48395
"Lawrence, MS",47407
"Leake, MS",43225
"Lee, MS",55017
"Leflore, MS",32566
"Lincoln, MS",52335
"Lowndes, MS",50886
"Madison, MS",81402
"Marion, MS",44443
"Marshall, MS",44105
"Monroe, MS",44466
"Montgomery, MS",39945
"Neshoba, MS",46062
"Newton, MS",44501
"Noxubee, MS",33363
"Oktibbeha, MS",45254
"Panola, MS",43429
"Pearl River, MS",50215
"Perry, MS",42037
"Pike, MS",45103
"Pontotoc, MS",47861
"Prentiss, MS",41650
"Quitman, MS",33098
"Rankin, MS",67735
"Scott, MS",42704
"Sharkey, MS",39042
"Simpson, MS",47022
"Smith, MS",47927
"Stone, MS",59586
"Sunflower, MS",35265
"Tallahatchie, MS",32758
"Tate, MS",47582
"Tippah, MS",39983
"Tishomingo, MS",40579
"Tunica, MS",38733
"Union, MS",46256
"Walthall, MS",42863
"Warren, MS",53176
"Washington, MS",41878
"Wayne, MS",40711
"Webster, MS",41129
"Wilkinson, MS",39166
"Winston, MS",41738
"Yalobusha, MS",38750
"Yazoo, MS",41029
"Adair, MO",40605
"Andrew, MO",61023
"Atchison, MO",52360
"Audrain, MO",46909
"Barry, MO",46562
"Barton, MO",47964
"Bates, MO",47731
"Benton, MO",44618
"Bollinger, MO",45258
"Boone, MO",60096
"Buchanan, MO",52894
"Butler, MO",44754
"Caldwell, MO",47025
"Callaway, MO",57581
"Camden, MO",58184
"Cape Girardeau, MO",56919
"Carroll, MO",56277
"Carter, MO",34311
"Cass, MO",68736
"Cedar, MO",38492
"Chariton, MO",48420
"Christian, MO",60436
"Clark, MO",54176
"Clay, MO",69153
"Clinton, MO",60105
"Cole, MO",64106
"Cooper, MO",48914
"Crawford, MO",42805
"Dade, MO",39280
"Dallas, MO",43878
"Daviess, MO",52626
"DeKalb, MO",58129
"Dent, MO",41430
"Douglas, MO",37935
"Dunklin, MO",39715
"Franklin, MO",60570
"Gasconade, MO",49251
"Gentry, MO",45181
"Greene, MO",54679
"Grundy, MO",42938
"Harrison, MO",42789
"Henry, MO",50599
"Hickory, MO",37966
"Holt, MO",50179
"Howard, MO",49069
"Howell, MO",41047
"Iron, MO",40772
"Jackson, MO",60553
"Jasper, MO",49202
"Jefferson, MO",64605
"Johnson, MO",52943
"Knox, MO",42814
"Laclede, MO",48485
"Lafayette, MO",56961
"Lawrence, MO",45915
"Lewis, MO",49322
"Lincoln, MO",60661
"Linn, MO",49897
"Livingston, MO",49664
"McDonald, MO",45798
"Macon, MO",44009
"Madison, MO",40833
"Maries, MO",46211
"Marion, MO",47923
"Mercer, MO",43081
"Miller, MO",43496
"Mississippi, MO",39646
"Moniteau, MO",52700
"Monroe, MO",46721
"Montgomery, MO",48364
"Morgan, MO",47253
"New Madrid, MO",41890
"Newton, MO",54382
"Nodaway, MO",48909
"Oregon, MO",36225
"Osage, MO",54460
"Ozark, MO",39619
"Pemiscot, MO",39103
"Perry, MO",54652
"Pettis, MO",47455
"Phelps, MO",51631
"Pike, MO",53116
"Platte, MO",83439
"Polk, MO",46862
"Pulaski, MO",50387
"Putnam, MO",44953
"Ralls, MO",52876
"Randolph, MO",43720
"Ray, MO",60856
"Reynolds, MO",40515
"Ripley, MO",38313
"St. Charles, MO",81351
"St. Clair, MO",40663
"Ste. Genevieve, MO",55210
"St. Francois, MO",47904
"St. Louis, MO",81188
"Saline, MO",46881
"Schuyler, MO",40340
"Scotland, MO",47763
"Scott, MO",47230
"Shannon, MO",35697
"Shelby, MO",40098
"Stoddard, MO",45410
"Stone, MO",50461
"Sullivan, MO",38911
"Taney, MO",51816
"Texas, MO",40055
"Vernon, MO",42576
"Warren, MO",61849
"Washington, MO",43610
"Wayne, MO",35992
"Webster, MO",47573
"Worth, MO",42463
"Wright, MO",41949
"St. Louis city, MO",47358
"Beaverhead, MT",48205
"Big Horn, MT",45619
"Blaine, MT",44110
"Broadwater, MT",50208
"Carbon, MT",59251
"Carter, MT",49312
"Cascade, MT",54188
"Chouteau, MT",49386
"Custer, MT",48135
"Daniels, MT",50457
"Dawson, MT",57206
"Deer Lodge, MT",44658
"Fallon, MT",63432
"Fergus, MT",47778
"Flathead, MT",59599
"Gallatin, MT",64839
"Garfield, MT",45507
"Glacier, MT",51530
"Golden Valley, MT",43028
"Granite, MT",48083
"Hill, MT",54950
"Jefferson, MT",68678
"Judith Basin, MT",53492
"Lake, MT",48798
"Lewis and Clark, MT",61783
"Liberty, MT",48506
"Lincoln, MT",42071
"McCone, MT",49867
"Madison, MT",52077
"Meagher, MT",44119
"Mineral, MT",45226
"Missoula, MT",56077
"Musselshell, MT",44222
"Park, MT",53682
"Petroleum, MT",47455
"Phillips, MT",48904
"Pondera, MT",44473
"Powder River, MT",45692
"Powell, MT",45612
"Prairie, MT",48730
"Ravalli, MT",55806
"Richland, MT",58816
"Roosevelt, MT",44619
"Rosebud, MT",53488
"Sanders, MT",41035
"Sheridan, MT",52839
"Silver Bow, MT",46922
"Stillwater, MT",64372
"Sweet Grass, MT",51901
"Teton, MT",50091
"Toole, MT",50196
"Treasure, MT",52273
"Valley, MT",51721
"Wheatland, MT",39416
"Wibaux, MT",44796
"Yellowstone, MT",60608
"Yellowstone National Park, MT",0
"Adams, NE",55833
"Antelope, NE",45958
"Arthur, NE",50172
"Banner, NE",50372
"Blaine, NE",41213
"Boone, NE",53209
"Box Butte, NE",53972
"Boyd, NE",41023
"Brown, NE",42800
"Buffalo, NE",57855
"Burt, NE",53400
"Butler, NE",52557
"Cass, NE",70761
"Cedar, NE",52994
"Chase, NE",48634
"Cherry, NE",50098
"Cheyenne, NE",60300
"Clay, NE",49422
"Colfax, NE",50702
"Cuming, NE",55017
"Custer, NE",51398
"Dakota, NE",53057
"Dawes, NE",42161
"Dawson, NE",50929
"Deuel, NE",47883
"Dixon, NE",49416
"Dodge, NE",53573
"Douglas, NE",67404
"Dundy, NE",56862
"Fillmore, NE",50222
"Franklin, NE",46291
"Frontier, NE",52743
"Furnas, NE",46403
"Gage, NE",50303
"Garden, NE",42244
"Garfield, NE",42554
"Gosper, NE",56680
"Grant, NE",44654
"Greeley, NE",44527
"Hall, NE",56424
"Hamilton, NE",57039
"Harlan, NE",53316
"Hayes, NE",46552
"Hitchcock, NE",45680
"Holt, NE",48151
"Hooker, NE",43530
"Howard, NE",50160
"Jefferson, NE",47781
"Johnson, NE",46720
"Kearney, NE",62360
"Keith, NE",52329
"Keya Paha, NE",42787
"Kimball, NE",48139
"Knox, NE",44578
"Lancaster, NE",63003
"Lincoln, NE",58854
"Logan, NE",46767
"Loup, NE",45195
"McPherson, NE",53716
"Madison, NE",54847
"Merrick, NE",54246
"Morrill, NE",50098
"Nance, NE",50406
"Nemaha, NE",51214
"Nuckolls, NE",45587
"Otoe, NE",56063
"Pawnee, NE",45682
"Perkins, NE",52260
"Phelps, NE",55823
"Pierce, NE",52458
"Platte, NE",56821
"Polk, NE",56566
"Red Willow, NE",47461
"Richardson, NE",44529
"Rock, NE",48953
"Saline, NE",54361
"Sarpy, NE",74776
"Saunders, NE",67194
"Scotts Bluff, NE",49932
"Seward, NE",63045
"Sheridan, NE",42697
"Sherman, NE",45193
"Sioux, NE",57034
"Stanton, NE",56090
"Thayer, NE",46169
"Thomas, NE",63142
"Thurston, NE",49033
"Valley, NE",43651
"Washington, NE",73551
"Wayne, NE",50098
"Webster, NE",43578
"Wheeler, NE",74721
"York, NE",57984
"Churchill, NV",59017
"Clark, NV",72432
"Douglas, NV",84189
"Elko, NV",69249
"Esmeralda, NV",59085
"Eureka, NV",71251
"Humboldt, NV",63675
"Lander, NV",62490
"Lincoln, NV",50073
"Lyon, NV",58811
"Mineral, NV",42810
"Nye, NV",54830
"Pershing, NV",54290
"Storey, NV",64386
"Washoe, NV",73877
"White Pine, NV",51952
"Carson City city, NV",67424
"Belknap, NH",69624
"Carroll, NH",65772
"Cheshire, NH",69025
"Coos, NH",52038
"Grafton, NH",68923
"Hillsborough, NH",83562
"Merrimack, NH",76341
"Rockingham, NH",90317
"Strafford, NH",70165
"Sullivan, NH",60616
"Atlantic, NJ",70968
"Bergen, NJ",110888
"Burlington, NJ",90463
"Camden, NJ",76683
"Cape May, NJ",74005
"Cumberland, NJ",62442
"Essex, NJ",83053
"Gloucester, NJ",84014
"Hudson, NJ",75439
"Hunterdon, NJ",131365
"Mercer, NJ",98128
"Middlesex, NJ",91998
"Monmouth, NJ",107947
"Morris, NJ",127370
"Ocean, NJ",75647
"Passaic, NJ",73756
"Salem, NJ",69965
"Somerset, NJ",128682
"Sussex, NJ",95268
"Union, NJ",92559
"Warren, NJ",83520
"Bernalillo, NM",62389
"Catron, NM",39584
"Chaves, NM",48579
"Cibola, NM",43184
"Colfax, NM",49167
"Curry, NM",49004
"De Baca, NM",41437
"Dona Ana, NM",48527
"Eddy, NM",62293
"Grant, NM",48668
"Guadalupe, NM",41872
"Harding, NM",41704
"Hidalgo, NM",45795
"Lea, NM",54622
"Lincoln, NM",55659
"Los Alamos, NM",112421
"Luna, NM",36895
"McKinley, NM",43959
"Mora, NM",44075
"Otero, NM",46816
"Quay, NM",40528
"Rio Arriba, NM",52447
"Roosevelt, NM",44004
"Sandoval, NM",68189
"San Juan, NM",57895
"San Miguel, NM",42833
"Santa Fe, NM",75844
"Sierra, NM",36862
"Socorro, NM",46465
"Taos, NM",48956
"Torrance, NM",47225
"Union, NM",45190
"Valencia, NM",54118
"Albany, NY",72157
"Allegany, NY",50470
"Bronx, NY",46803
"Broome, NY",57940
"Cattaraugus, NY",49956
"Cayuga, NY",56955
"Chautauqua, NY",50665
"Chemung, NY",55749
"Chenango, NY",56177
"Clinton, NY",59184
"Columbia, NY",75949
"Cortland, NY",55985
"Delaware, NY",52672
"Dutchess, NY",84023
"Erie, NY",61977
"Essex, NY",58719
"Franklin, NY",50826
"Fulton, NY",53664
"Genesee, NY",56978
"Greene, NY",59773
"Hamilton, NY",58787
"Herkimer, NY",51892
"Jefferson, NY",54531
"Kings, NY",61578
"Lewis, NY",52236
"Livingston, NY",60453
"Madison, NY",62983
"Monroe, NY",66178
"Montgomery, NY",53797
"Nassau, NY",120401
"New York, NY",124930
"Niagara, NY",57491
"Oneida, NY",57454
"Onondaga, NY",65409
"Ontario, NY",69362
"Orange, NY",82901
"Orleans, NY",55271
"Oswego, NY",55033
"Otsego, NY",54610
"Putnam, NY",106559
"Queens, NY",69200
"Rensselaer, NY",66859
"Richmond, NY",86147
"Rockland, NY",104563
"St. Lawrence, NY",50693
"Saratoga, NY",78838
"Schenectady, NY",67456
"Schoharie, NY",60034
"Schuyler, NY",54069
"Seneca, NY",55914
"Steuben, NY",54890
"Suffolk, NY",104504
"Sullivan, NY",61213
"Tioga, NY",60126
"Tompkins, NY",63804
"Ulster, NY",72952
"Warren, NY",63316
"Washington, NY",55937
"Wayne, NY",60770
"Westchester, NY",128430
"Wyoming, NY",56637
"Yates, NY",58765
"Alamance, NC",55390
"Alexander, NC",52179
"Alleghany, NC",45395
"Anson, NC",45291
"Ashe, NC",46616
"Avery, NC",60692
"Beaufort, NC",52440
"Bertie, NC",40870
"Bladen, NC",41495
"Brunswick, NC",59297
"Buncombe, NC",60715
"Burke, NC",45782
"Cabarrus, NC",68309
"Caldwell, NC",48560
"Camden, NC",65121
"Carteret, NC",60508
"Caswell, NC",43938
"Catawba, NC",57782
"Chatham, NC",72389
"Cherokee, NC",47085
"Chowan, NC",47557
"Clay, NC",47898
"Cleveland, NC",48380
"Columbus, NC",45888
"Craven, NC",56517
"Cumberland, NC",55417
"Currituck, NC",65018
"Dare, NC",68934
"Davidson, NC",54258
"Davie, NC",67713
"Duplin, NC",44340
"Durham, NC",66876
"Edgecombe, NC",40571
"Forsyth, NC",64780
"Franklin, NC",53550
"Gaston, NC",55822
"Gates, NC",54879
"Graham, NC",38107
"Granville, NC",55849
"Greene, NC",48816
"Guilford, NC",64329
"Halifax, NC",42940
"Harnett, NC",51160
"Haywood, NC",53717
"Henderson, NC",58837
"Hertford, NC",41173
"Hoke, NC",48994
"Hyde, NC",48835
"Iredell, NC",64039
"Jackson, NC",48881
"Johnston, NC",59952
"Jones, NC",45127
"Lee, NC",54076
"Lenoir, NC",43786
"Lincoln, NC",59011
"McDowell, NC",45499
"Macon, NC",56689
"Madison, NC",46488
"Martin, NC",42844
"Mecklenburg, NC",79153
"Mitchell, NC",42415
"Montgomery, NC",45379
"Moore, NC",59666
"Nash, NC",57500
"New Hanover, NC",66693
"Northampton, NC",38839
"Onslow, NC",52277
"Orange, NC",79874
"Pamlico, NC",49057
"Pasquotank, NC",56394
"Pender, NC",53954
"Perquimans, NC",50021
"Person, NC",53594
"Pitt, NC",51873
"Polk, NC",50796
"Randolph, NC",52556
"Richmond, NC",43577
"Robeson, NC",40491
"Rockingham, NC",48851
"Rowan, NC",55599
"Rutherford, NC",45336
"Sampson, NC",47728
"Scotland, NC",43192
"Stanly, NC",54262
"Stokes, NC",49894
"Surry, NC",48240
"Swain, NC",44445
"Transylvania, NC",53657
"Tyrrell, NC",42725
"Union, NC",79861
"Vance, NC",45068
"Wake, NC",83430
"Warren, NC",43723
"Washington, NC",44809
"Watauga, NC",51192
"Wayne, NC",50120
"Wilkes, NC",47347
"Wilson, NC",50870
"Yadkin, NC",47938
"Yancey, NC",42600
"Adams, ND",44473
"Barnes, ND",55524
"Benson, ND",40047
"Billings, ND",75804
"Bottineau, ND",56291
"Bowman, ND",61012
"Burke, ND",62056
"Burleigh, ND",65895
"Cass, ND",62770
"Cavalier, ND",58999
"Dickey, ND",48732
"Divide, ND",64392
"Dunn, ND",60263
"Eddy, ND",47841
"Emmons, ND",46928
"Foster, ND",59813
"Golden Valley, ND",42546
"Grand Forks, ND",55223
"Grant, ND",54532
"Griggs, ND",50977
"Hettinger, ND",50669
"Kidder, ND",49656
"LaMoure, ND",57594
"Logan, ND",51460
"McHenry, ND",48111
"McIntosh, ND",47766
"McKenzie, ND",64118
"McLean, ND",57441
"Mercer, ND",64992
"Morton, ND",58375
"Mountrail, ND",59876
"Nelson, ND",46038
"Oliver, ND",67501
"Pembina, ND",58455
"Pierce, ND",41905
"Ramsey, ND",55394
"Ransom, ND",51342
"Renville, ND",56185
"Richland, ND",55554
"Rolette, ND",41993
"Sargent, ND",57694
"Sheridan, ND",48098
"Sioux, ND",40527
"Slope, ND",51110
"Stark, ND",55609
"Steele, ND",71111
"Stutsman, ND",53114
"Towner, ND",49048
"Traill, ND",54067
"Walsh, ND",54004
"Ward, ND",60286
"Wells, ND",46709
"Williams, ND",62331
"Adams, OH",46333
"Allen, OH",54584
"Ashland, OH",54802
"Ashtabula, OH",50117
"Athens, OH",44594
"Auglaize, OH",63951
"Belmont, OH",47665
"Brown, OH",52663
"Butler, OH",67305
"Carroll, OH",53304
"Champaign, OH",58682
"Clark, OH",54534
"Clermont, OH",72491
"Clinton, OH",57137
"Columbiana, OH",50165
"Coshocton, OH",48567
"Crawford, OH",50080
"Cuyahoga, OH",60335
"Darke, OH",54777
"Defiance, OH",54486
"Delaware, OH",106108
"Erie, OH",59413
"Fairfield, OH",68273
"Fayette, OH",50945
"Franklin, OH",65006
"Fulton, OH",57785
"Gallia, OH",47658
"Geauga, OH",91099
"Greene, OH",72014
"Guernsey, OH",45799
"Hamilton, OH",67835
"Hancock, OH",59939
"Hardin, OH",49533
"Harrison, OH",47409
"Henry, OH",56936
"Highland, OH",49354
"Hocking, OH",48914
"Holmes, OH",58220
"Huron, OH",55935
"Jackson, OH",45743
"Jefferson, OH",47642
"Knox, OH",54021
"Lake, OH",67263
"Lawrence, OH",45919
"Licking, OH",65797
"Logan, OH",57891
"Lorain, OH",64080
"Lucas, OH",56888
"Madison, OH",66896
"Mahoning, OH",53003
"Marion, OH",50031
"Medina, OH",78911
"Meigs, OH",44163
"Mercer, OH",59602
"Miami, OH",62264
"Monroe, OH",43229
"Montgomery, OH",57801
"Morgan, OH",40620
"Morrow, OH",55108
"Muskingum, OH",51501
"Noble, OH",51307
"Ottawa, OH",64636
"Paulding, OH",51971
"Perry, OH",49949
"Pickaway, OH",59215
"Pike, OH",44049
"Portage, OH",62796
"Preble, OH",57197
"Putnam, OH",63489
"Richland, OH",54126
"Ross, OH",53503
"Sandusky, OH",54727
"Scioto, OH",43124
"Seneca, OH",52699
"Shelby, OH",58490
"Stark, OH",58094
"Summit, OH",63821
"Trumbull, OH",52513
"Tuscarawas, OH",51396
"Union, OH",74978
"Van Wert, OH",52154
"Vinton, OH",41738
"Warren, OH",87024
"Washington, OH",53294
"Wayne, OH",59650
"Williams, OH",52180
"Wood, OH",66689
"Wyandot, OH",55609
"Adair, OK",36625
"Alfalfa, OK",54325
"Atoka, OK",43739
"Beaver, OK",61021
"Beckham, OK",53671
"Blaine, OK",50681
"Bryan, OK",44665
"Caddo, OK",45664
"Canadian, OK",70110
"Carter, OK",50258
"Cherokee, OK",40734
"Choctaw, OK",38864
"Cimarron, OK",42120
"Cleveland, OK",64999
"Coal, OK",38422
"Comanche, OK",52369
"Cotton, OK",48213
"Craig, OK",48526
"Creek, OK",53182
"Custer, OK",50773
"Delaware, OK",51695
"Dewey, OK",50424
"Ellis, OK",51772
"Garfield, OK",53433
"Garvin, OK",51858
"Grady, OK",56166
"Grant, OK",53893
"Greer, OK",40139
"Harmon, OK",40877
"Harper, OK",54906
"Haskell, OK",45989
"Hughes, OK",42981
"Jackson, OK",50678
"Jefferson, OK",43102
"Johnston, OK",45571
"Kay, OK",50234
"Kingfisher, OK",60916
"Kiowa, OK",43800
"Latimer, OK",48834
"Le Flore, OK",45295
"Lincoln, OK",52346
"Logan, OK",64198
"Love, OK",51869
"McClain, OK",61374
"McCurtain, OK",44537
"McIntosh, OK",37599
"Major, OK",55668
"Marshall, OK",45843
"Mayes, OK",47644
"Murray, OK",47887
"Muskogee, OK",47267
"Noble, OK",47165
"Nowata, OK",53819
"Okfuskee, OK",37493
"Oklahoma, OK",61165
"Okmulgee, OK",45912
"Osage, OK",54900
"Ottawa, OK",43180
"Pawnee, OK",49513
"Payne, OK",48662
"Pittsburg, OK",49015
"Pontotoc, OK",49894
"Pottawatomie, OK",49575
"Pushmataha, OK",35518
"Roger Mills, OK",68755
"Rogers, OK",65866
"Seminole, OK",42730
"Sequoyah, OK",44668
"Stephens, OK",54854
"Texas, OK",53018
"Tillman, OK",37856
"Tulsa, OK",63684
"Wagoner, OK",62815
"Washington, OK",59901
"Washita, OK",52069
"Woods, OK",55339
"Woodward, OK",58133
"Baker, OR",50554
"Benton, OR",62547
"Clackamas, OR",82078
"Clatsop, OR",56682
"Columbia, OR",63306
"Coos, OR",48837
"Crook, OR",55063
"Curry, OR",49191
"Deschutes, OR",67974
"Douglas, OR",50961
"Gilliam, OR",50844
"Grant, OR",47657
"Harney, OR",51019
"Hood River, OR",62110
"Jackson, OR",57819
"Jefferson, OR",51799
"Josephine, OR",49668
"Klamath, OR",53268
"Lake, OR",46294
"Lane, OR",55731
"Lincoln, OR",52344
"Linn, OR",56332
"Malheur, OR",47891
"Marion, OR",59022
"Morrow, OR",53164
"Multnomah, OR",66647
"Polk, OR",63620
"Sherman, OR",44527
"Tillamook, OR",50416
"Umatilla, OR",54256
"Union, OR",53952
"Wallowa, OR",52953
"Wasco, OR",53681
"Washington, OR",78508
"Wheeler, OR",44641
"Yamhill, OR",65526
"Adams, PA",64881
"Allegheny, PA",65645
"Armstrong, PA",50024
"Beaver, PA",56533
"Bedford, PA",49177
"Berks, PA",66154
"Blair, PA",52171
"Bradford, PA",50093
"Bucks, PA",93344
"Butler, PA",69555
"Cambria, PA",49414
"Cameron, PA",48956
"Carbon, PA",55377
"Centre, PA",61747
"Chester, PA",110510
"Clarion, PA",49297
"Clearfield, PA",46488
"Clinton, PA",47420
"Columbia, PA",53535
"Crawford, PA",50955
"Cumberland, PA",73519
"Dauphin, PA",64831
"Delaware, PA",83687
"Elk, PA",52422
"Erie, PA",55814
"Fayette, PA",45130
"Forest, PA",42115
"Franklin, PA",62268
"Fulton, PA",53198
"Greene, PA",49968
"Huntingdon, PA",51164
"Indiana, PA",49198
"Jefferson, PA",48445
"Juniata, PA",52794
"Lackawanna, PA",57258
"Lancaster, PA",67913
"Lawrence, PA",52741
"Lebanon, PA",62138
"Lehigh, PA",69938
"Luzerne, PA",54216
"Lycoming, PA",52526
"McKean, PA",51248
"Mercer, PA",53842
"Mifflin, PA",44976
"Monroe, PA",67882
"Montgomery, PA",101104
"Montour, PA",63573
"Northampton, PA",72948
"Northumberland, PA",48567
"Perry, PA",58963
"Philadelphia, PA",51037
"Pike, PA",69243
"Potter, PA",48054
"Schuylkill, PA",50777
"Snyder, PA",55133
"Somerset, PA",48860
"Sullivan, PA",46018
"Susquehanna, PA",52935
"Tioga, PA",49046
"Union, PA",59585
"Venango, PA",49438
"Warren, PA",50806
"Washington, PA",61984
"Wayne, PA",55407
"Westmoreland, PA",59730
"Wyoming, PA",54769
"York, PA",67249
"Bristol, RI",91644
"Kent, RI",75629
"Newport, RI",84396
"Providence, RI",63988
"Washington, RI",89929
"Abbeville, SC",41909
"Aiken, SC",59245
"Allendale, SC",36630
"Anderson, SC",55216
"Bamberg, SC",39628
"Barnwell, SC",46627
"Beaufort, SC",78506
"Berkeley, SC",59396
"Calhoun, SC",49168
"Charleston, SC",69249
"Cherokee, SC",44448
"Chester, SC",43671
"Chesterfield, SC",44020
"Clarendon, SC",42355
"Colleton, SC",44845
"Darlington, SC",50016
"Dillon, SC",37303
"Dorchester, SC",64014
"Edgefield, SC",54917
"Fairfield, SC",44462
"Florence, SC",55539
"Georgetown, SC",61529
"Greenville, SC",63622
"Greenwood, SC",54757
"Hampton, SC",41608
"Horry, SC",57291
"Jasper, SC",47580
"Kershaw, SC",56459
"Lancaster, SC",49189
"Laurens, SC",47461
"Lee, SC",37055
"Lexington, SC",64463
"McCormick, SC",48254
"Marion, SC",41227
"Marlboro, SC",34737
"Newberry, SC",52279
"Oconee, SC",55253
"Orangeburg, SC",44742
"Pickens, SC",53381
"Richland, SC",64920
"Saluda, SC",51517
"Spartanburg, SC",56123
"Sumter, SC",49001
"Union, SC",42689
"Williamsburg, SC",38142
"York, SC",66399
"Aurora, SD",52178
"Beadle, SD",53800
"Bennett, SD",45888
"Bon Homme, SD",47846
"Brookings, SD",51124
"Brown, SD",54229
"Brule, SD",48831
"Buffalo, SD",35769
"Butte, SD",44689
"Campbell, SD",49308
"Charles Mix, SD",46185
"Clark, SD",51850
"Clay, SD",45375
"Codington, SD",56938
"Corson, SD",41144
"Custer, SD",53764
"Davison, SD",57138
"Day, SD",44886
"Deuel, SD",53723
"Dewey, SD",49427
"Douglas, SD",49534
"Edmunds, SD",58944
"Fall River, SD",48195
"Faulk, SD",49689
"Grant, SD",49999
"Gregory, SD",47815
"Haakon, SD",67456
"Hamlin, SD",54895
"Hand, SD",56290
"Hanson, SD",58581
"Harding, SD",54420
"Hughes, SD",64574
"Hutchinson, SD",53140
"Hyde, SD",46974
"Jackson, SD",42188
"Jerauld, SD",52241
"Jones, SD",57139
"Kingsbury, SD",53950
"Lake, SD",55865
"Lawrence, SD",50648
"Lincoln, SD",82855
"Lyman, SD",42963
"McCook, SD",66165
"McPherson, SD",40858
"Marshall, SD",49870
"Meade, SD",51248
"Mellette, SD",49425
"Miner, SD",49807
"Minnehaha, SD",63106
"Moody, SD",59799
"Pennington, SD",61647
"Perkins, SD",58230
"Potter, SD",49143
"Roberts, SD",49215
"Sanborn, SD",49642
"Shannon, SD",34873
"Spink, SD",59837
"Stanley, SD",67825
"Sully, SD",58520
"Todd, SD",38196
"Tripp, SD",49214
"Turner, SD",55884
"Union, SD",81932
"Walworth, SD",51027
"Yankton, SD",57465
"Ziebach, SD",37411
"Anderson, TN",54535
"Bedford, TN",48824
"Benton, TN",43478
"Bledsoe, TN",40579
"Blount, TN",59537
"Bradley, TN",54360
"Campbell, TN",39599
"Cannon, TN",43563
"Carroll, TN",46781
"Carter, TN",41317
"Cheatham, TN",62301
"Chester, TN",45770
"Claiborne, TN",40936
"Clay, TN",38491
"Cocke, TN",40938
"Coffee, TN",50177
"Crockett, TN",50610
"Cumberland, TN",48257
"Davidson, TN",65318
"Decatur, TN",40330
"DeKalb, TN",45631
"Dickson, TN",55577
"Dyer, TN",46729
"Fayette, TN",71999
"Fentress, TN",41126
"Franklin, TN",51978
"Gibson, TN",47017
"Giles, TN",49198
"Grainger, TN",41885
"Greene, TN",44273
"Grundy, TN",36095
"Hamblen, TN",51298
"Hamilton, TN",63880
"Hancock, TN",30484
"Hardeman, TN",45869
"Hardin, TN",42348
"Hawkins, TN",43434
"Haywood, TN",40356
"Henderson, TN",49709
"Henry, TN",46961
"Hickman, TN",46036
"Houston, TN",41259
"Humphreys, TN",50759
"Jackson, TN",42163
"Jefferson, TN",49022
"Johnson, TN",37905
"Knox, TN",63347
"Lake, TN",34107
"Lauderdale, TN",42642
"Lawrence, TN",45575
"Lewis, TN",43179
"Lincoln, TN",55140
"Loudon, TN",64504
"McMinn, TN",47625
"McNairy, TN",45781
"Macon, TN",43912
"Madison, TN",55366
"Marion, TN",49379
"Marshall, TN",50805
"Maury, TN",55911
"Meigs, TN",45793
"Monroe, TN",45185
"Montgomery, TN",58006
"Moore, TN",66958
"Morgan, TN",42500
"Obion, TN",47520
"Overton, TN",44239
"Perry, TN",41059
"Pickett, TN",38356
"Polk, TN",43469
"Putnam, TN",47632
"Rhea, TN",42880
"Roane, TN",53896
"Robertson, TN",59644
"Rutherford, TN",64236
"Scott, TN",35709
"Sequatchie, TN",46648
"Sevier, TN",53541
"Shelby, TN",64860
"Smith, TN",58273
"Stewart, TN",47485
"Sullivan, TN",53104
"Sumner, TN",67557
"Tipton, TN",59600
"Trousdale, TN",53383
"Unicoi, TN",46744
"Union, TN",39821
"Van Buren, TN",37914
"Warren, TN",45893
"Washington, TN",56062
"Wayne, TN",38933
"Weakley, TN",46116
"White, TN",42208
"Williamson, TN",116208
"Wilson, TN",73419
"Anderson, TX",52731
"Andrews, TX",68076
"Angelina, TX",53438
"Aransas, TX",60315
"Archer, TX",63005
"Armstrong, TX",59953
"Atascosa, TX",52763
"Austin, TX",68899
"Bailey, TX",48473
"Bandera, TX",57397
"Bastrop, TX",63196
"Baylor, TX",54641
"Bee, TX",47374
"Bell, TX",59338
"Bexar, TX",62426
"Blanco, TX",68435
"Borden, TX",87780
"Bosque, TX",53540
"Bowie, TX",55295
"Brazoria, TX",77875
"Brazos, TX",53184
"Brewster, TX",47786
"Briscoe, TX",41111
"Brooks, TX",36493
"Brown, TX",52145
"Burleson, TX",50982
"Burnet, TX",61109
"Caldwell, TX",52901
"Calhoun, TX",54721
"Callahan, TX",56330
"Cameron, TX",43952
"Camp, TX",48539
"Carson, TX",59297
"Cass, TX",48537
"Castro, TX",44200
"Chambers, TX",71310
"Cherokee, TX",47548
"Childress, TX",48015
"Clay, TX",60684
"Cochran, TX",47669
"Coke, TX",41167
"Coleman, TX",39622
"Collin, TX",102695
"Collingsworth, TX",48815
"Colorado, TX",55917
"Comal, TX",81897
"Comanche, TX",44662
"Concho, TX",54809
"Cooke, TX",62085
"Coryell, TX",55292
"Cottle, TX",42469
"Crane, TX",53615
"Crockett, TX",60557
"Crosby, TX",46002
"Culberson, TX",56937
"Dallam, TX",50260
"Dallas, TX",69772
"Dawson, TX",48593
"Deaf Smith, TX",48963
"Delta, TX",51634
"Denton, TX",87450
"DeWitt, TX",52210
"Dickens, TX",43978
"Dimmit, TX",34916
"Donley, TX",47798
"Duval, TX",39578
"Eastland, TX",45594
"Ector, TX",59996
"Edwards, TX",65171
"Ellis, TX",71494
"El Paso, TX",48984
"Erath, TX",52161
"Falls, TX",42103
"Fannin, TX",51317
"Fayette, TX",59143
"Fisher, TX",48261
"Floyd, TX",43463
"Foard, TX",39456
"Fort Bend, TX",101386
"Franklin, TX",61860
"Freestone, TX",62370
"Frio, TX",46321
"Gaines, TX",63381
"Galveston, TX",71540
"Garza, TX",46523
"Gillespie, TX",65637
"Glasscock, TX",65318
"Goliad, TX",64548
"Gonzales, TX",48768
"Gray, TX",53586
"Grayson, TX",57991
"Gregg, TX",59577
"Grimes, TX",52074
"Guadalupe, TX",69062
"Hale, TX",48244
"Hall, TX",46825
"Hamilton, TX",53947
"Hansford, TX",54195
"Hardeman, TX",45792
"Hardin, TX",63108
"Harris, TX",73688
"Harrison, TX",55411
"Hartley, TX",73749
"Haskell, TX",45612
"Hays, TX",68960
"Hemphill, TX",69732
"Henderson, TX",52800
"Hidalgo, TX",44182
"Hill, TX",51407
"Hockley, TX",53900
"Hood, TX",72120
"Hopkins, TX",53812
"Houston, TX",46134
"Howard, TX",51779
"Hudspeth, TX",37571
"Hunt, TX",55943
"Hutchinson, TX",52776
"Irion, TX",68372
"Jack, TX",59407
"Jackson, TX",63693
"Jasper, TX",47697
"Jeff Davis, TX",50016
"Jefferson, TX",56239
"Jim Hogg, TX",40532
"Jim Wells, TX",46097
"Johnson, TX",66763
"Jones, TX",48466
"Karnes, TX",50761
"Kaufman, TX",66950
"Kendall, TX",102984
"Kenedy, TX",30330
"Kent, TX",53406
"Kerr, TX",61036
"Kimble, TX",62505
"King, TX",76428
"Kinney, TX",40161
"Kleberg, TX",48726
"Knox, TX",46905
"Lamar, TX",51719
"Lamb, TX",48195
"Lampasas, TX",56734
"La Salle, TX",47180
"Lavaca, TX",56327
"Lee, TX",58771
"Leon, TX",52560
"Liberty, TX",54420
"Limestone, TX",48494
"Lipscomb, TX",62099
"Live Oak, TX",51214
"Llano, TX",59419
"Loving, TX",80183
"Lubbock, TX",56370
"Lynn, TX",54643
"McCulloch, TX",52633
"McLennan, TX",53995
"McMullen, TX",57284
"Madison, TX",48227
"Marion, TX",42591
"Martin, TX",54684
"Mason, TX",61422
"Matagorda, TX",56595
"Maverick, TX",42862
"Medina, TX",58346
"Menard, TX",51149
"Midland, TX",77289
"Milam, TX",52981
"Mills, TX",49193
"Mitchell, TX",49691
"Montague, TX",52213
"Montgomery, TX",88413
"Moore, TX",55012
"Morris, TX",47584
"Motley, TX",42755
"Nacogdoches, TX",47229
"Navarro, TX",53261
"Newton, TX",43625
"Nolan, TX",49042
"Nueces, TX",58834
"Ochiltree, TX",58281
"Oldham, TX",55888
"Orange, TX",57652
"Palo Pinto, TX",53320
"Panola, TX",55379
"Parker, TX",75996
"Parmer, TX",48829
"Pecos, TX",49107
"Polk, TX",42031
"Potter, TX",48734
"Presidio, TX",41006
"Rains, TX",51842
"Randall, TX",70637
"Reagan, TX",62177
"Real, TX",42130
"Red River, TX",46902
"Reeves, TX",41910
"Refugio, TX",49403
"Roberts, TX",79316
"Robertson, TX",54315
"Rockwall, TX",98562
"Runnels, TX",51242
"Rusk, TX",60746
"Sabine, TX",42184
"San Augustine, TX",37284
"San Jacinto, TX",52032
"San Patricio, TX",56646
"San Saba, TX",49655
"Schleicher, TX",60376
"Scurry, TX",55936
"Shackelford, TX",52282
"Shelby, TX",48722
"Sherman, TX",54332
"Smith, TX",64940
"Somervell, TX",65394
"Starr, TX",34640
"Stephens, TX",49140
"Sterling, TX",52129
"Stonewall, TX",54412
"Sutton, TX",67397
"Swisher, TX",45798
"Tarrant, TX",73096
"Taylor, TX",54115
"Terrell, TX",49873
"Terry, TX",54105
"Throckmorton, TX",44151
"Titus, TX",51863
"Tom Green, TX",53890
"Travis, TX",78099
"Trinity, TX",46117
"Tyler, TX",46426
"Upshur, TX",54184
"Upton, TX",49187
"Uvalde, TX",49015
"Val Verde, TX",44805
"Van Zandt, TX",53743
"Victoria, TX",61570
"Walker, TX",46148
"Waller, TX",58511
"Ward, TX",50266
"Washington, TX",64893
"Webb, TX",48745
"Wharton, TX",55702
"Wheeler, TX",62804
"Wichita, TX",58211
"Wilbarger, TX",48436
"Willacy, TX",34007
"Williamson, TX",80236
"Wilson, TX",69352
"Winkler, TX",47185
"Wise, TX",67123
"Wood, TX",53787
"Yoakum, TX",56719
"Young, TX",59423
"Zapata, TX",36533
"Zavala, TX",32272
"Beaver, UT",47922
"Box Elder, UT",61992
"Cache, UT",60615
"Carbon, UT",50159
"Daggett, UT",55407
"Davis, UT",79566
"Duchesne, UT",59459
"Emery, UT",53365
"Garfield, UT",55056
"Grand, UT",46851
"Iron, UT",49306
"Juab, UT",56395
"Kane, UT",59705
"Millard, UT",55744
"Morgan, UT",82367
"Piute, UT",46636
"Rich, UT",56089
"Salt Lake, UT",72404
"San Juan, UT",44984
"Sanpete, UT",50218
"Sevier, UT",55246
"Summit, UT",106061
"Tooele, UT",67160
"Uintah, UT",70800
"Utah, UT",70917
"Wasatch, UT",78334
"Washington, UT",61860
"Wayne, UT",52467
"Weber, UT",63563
"Addison, VT",67122
"Bennington, VT",62974
"Caledonia, VT",53444
"Chittenden, VT",75995
"Essex, VT",46024
"Franklin, VT",62044
"Grand Isle, VT",72021
"Lamoille, VT",62233
"Orange, VT",61388
"Orleans, VT",49803
"Rutland, VT",59032
"Washington, VT",66151
"Windham, VT",61518
"Windsor, VT",67146
"Accomack, VA",53054
"Albemarle, VA",89123
"Alleghany, VA",51196
"Amelia, VA",56667
"Amherst, VA",54198
"Appomattox, VA",52430
"Arlington, VA",120145
"Augusta, VA",58817
"Bath, VA",50608
"Bedford, VA",67709
"Bland, VA",50868
"Botetourt, VA",72228
"Brunswick, VA",43269
"Buchanan, VA",36231
"Buckingham, VA",45699
"Campbell, VA",53150
"Caroline, VA",64799
"Carroll, VA",41061
"Charles City, VA",61587
"Charlotte, VA",44411
"Chesterfield, VA",86109
"Clarke, VA",82832
"Craig, VA",54151
"Culpeper, VA",73320
"Cumberland, VA",46960
"Dickenson, VA",37722
"Dinwiddie, VA",62321
"Essex, VA",57118
"Fairfax, VA",130495
"Fauquier, VA",107463
"Floyd, VA",47697
"Fluvanna, VA",71221
"Franklin, VA",56205
"Frederick, VA",74397
"Giles, VA",49080
"Gloucester, VA",70491
"Goochland, VA",111612
"Grayson, VA",42359
"Greene, VA",64876
"Greensville, VA",47771
"Halifax, VA",47331
"Hanover, VA",91727
"Henrico, VA",79240
"Henry, VA",43902
"Highland, VA",53618
"Isle of Wight, VA",73591
"James City, VA",91721
"King and Queen, VA",56558
"King George, VA",85477
"King William, VA",70073
"Lancaster, VA",60231
"Lee, VA",38665
"Loudoun, VA",131054
"Louisa, VA",64663
"Lunenburg, VA",43663
"Madison, VA",63799
"Mathews, VA",58964
"Mecklenburg, VA",46447
"Middlesex, VA",65817
"Montgomery, VA",56338
"Nelson, VA",60091
"New Kent, VA",83177
"Northampton, VA",52853
"Northumberland, VA",64059
"Nottoway, VA",51183
"Orange, VA",69774
"Page, VA",55206
"Patrick, VA",43812
"Pittsylvania, VA",49178
"Powhatan, VA",86838
"Prince Edward, VA",48891
"Prince George, VA",75714
"Prince William, VA",104589
"Pulaski, VA",47504
"Rappahannock, VA",79665
"Richmond, VA",52878
"Roanoke, VA",72879
"Rockbridge, VA",53951
"Rockingham, VA",63062
"Russell, VA",40172
"Scott, VA",41774
"Shenandoah, VA",59006
"Smyth, VA",47838
"Southampton, VA",55217
"Spotsylvania, VA",88412
"Stafford, VA",102379
"Surry, VA",59966
"Sussex, VA",43562
"Tazewell, VA",46461
"Warren, VA",74747
"Washington, VA",53255
"Westmoreland, VA",60568
"Wise, VA",43508
"Wythe, VA",48293
"York, VA",93868
"Alexandria, VA",108442
"Bedford, VA",43639
"Bristol, VA",42191
"Buena Vista, VA",46771
"Charlottesville, VA",55270
"Chesapeake, VA",79133
"Clifton Forge, VA",0
"Colonial Heights, VA",59939
"Covington, VA",44246
"Danville, VA",41567
"Emporia, VA",44914
"Fairfax, VA",112586
"Falls Church, VA",134480
"Franklin, VA",48955
"Fredericksburg, VA",66049
"Galax, VA",35386
"Hampton, VA",57869
"Harrisonburg, VA",47995
"Hopewell, VA",46357
"Lexington, VA",54425
"Lynchburg, VA",54643
"Manassas, VA",88619
"Manassas Park, VA",84181
"Martinsville, VA",41503
"Newport News, VA",59061
"Norfolk, VA",57483
"Norton, VA",44364
"Petersburg, VA",45682
"Poquoson, VA",94576
"Portsmouth, VA",54920
"Radford, VA",42680
"Richmond, VA",58901
"Roanoke, VA",48981
"Salem, VA",64599
"South Boston, VA",0
"Staunton, VA",51420
"Suffolk, VA",75842
"Virginia Beach, VA",79176
"Waynesboro, VA",53098
"Williamsburg, VA",62934
"Winchester, VA",62837
"Adams, WA",51931
"Asotin, WA",53595
"Benton, WA",69791
"Chelan, WA",60482
"Clallam, WA",55337
"Clark, WA",72168
"Columbia, WA",55800
"Cowlitz, WA",57163
"Douglas, WA",60731
"Ferry, WA",44321
"Franklin, WA",59687
"Garfield, WA",48238
"Grant, WA",54010
"Grays Harbor, WA",53113
"Island, WA",67520
"Jefferson, WA",58525
"King, WA",89606
"Kitsap, WA",74743
"Kittitas, WA",55283
"Klickitat, WA",49085
"Lewis, WA",54494
"Lincoln, WA",55298
"Mason, WA",57702
"Okanogan, WA",49062
"Pacific, WA",49413
"Pend Oreille, WA",51574
"Pierce, WA",70335
"San Juan, WA",74027
"Skagit, WA",66447
"Skamania, WA",56537
"Snohomish, WA",78249
"Spokane, WA",60500
"Stevens, WA",53042
"Thurston, WA",72253
"Wahkiakum, WA",52250
"Walla Walla, WA",57106
"Whatcom, WA",61491
"Whitman, WA",47448
"Yakima, WA",54021
"Barbour, WV",40854
"Berkeley, WV",63117
"Boone, WV",48341
"Braxton, WV",41057
"Brooke, WV",52706
"Cabell, WV",49827
"Calhoun, WV",39876
"Clay, WV",40739
"Doddridge, WV",37469
"Fayette, WV",42700
"Gilmer, WV",34319
"Grant, WV",42875
"Greenbrier, WV",42849
"Hampshire, WV",43267
"Hancock, WV",53254
"Hardy, WV",43556
"Harrison, WV",49877
"Jackson, WV",51560
"Jefferson, WV",78608
"Kanawha, WV",56141
"Lewis, WV",42046
"Lincoln, WV",39947
"Logan, WV",43335
"McDowell, WV",29286
"Marion, WV",47108
"Marshall, WV",44366
"Mason, WV",45980
"Mercer, WV",41505
"Mineral, WV",52588
"Mingo, WV",41272
"Monongalia, WV",54847
"Monroe, WV",46411
"Morgan, WV",46942
"Nicholas, WV",48117
"Ohio, WV",52251
"Pendleton, WV",43793
"Pleasants, WV",47554
"Pocahontas, WV",42955
"Preston, WV",45944
"Putnam, WV",63570
"Raleigh, WV",48589
"Randolph, WV",42995
"Ritchie, WV",46811
"Roane, WV",35865
"Summers, WV",36802
"Taylor, WV",47084
"Tucker, WV",43608
"Tyler, WV",45216
"Upshur, WV",45856
"Wayne, WV",45284
"Webster, WV",36567
"Wetzel, WV",46504
"Wirt, WV",41478
"Wood, WV",51398
"Wyoming, WV",40447
"Adams, WI",49300
"Ashland, WI",45643
"Barron, WI",52863
"Bayfield, WI",53896
"Brown, WI",66491
"Buffalo, WI",54335
"Burnett, WI",51026
"Calumet, WI",69240
"Chippewa, WI",58787
"Clark, WI",51769
"Columbia, WI",64851
"Crawford, WI",51153
"Dane, WI",76681
"Dodge, WI",60998
"Door, WI",59254
"Douglas, WI",54457
"Dunn, WI",56832
"Eau Claire, WI",59719
"Florence, WI",44974
"Fond du Lac, WI",61751
"Forest, WI",46256
"Grant, WI",52710
"Green, WI",64692
"Green Lake, WI",59362
"Iowa, WI",61351
"Iron, WI",43402
"Jackson, WI",54614
"Jefferson, WI",64763
"Juneau, WI",55230
"Kenosha, WI",67162
"Kewaunee, WI",60559
"La Crosse, WI",60882
"Lafayette, WI",55944
"Langlade, WI",51016
"Lincoln, WI",54462
"Manitowoc, WI",59266
"Marathon, WI",64585
"Marinette, WI",50868
"Marquette, WI",51392
"Menominee, WI",40955
"Milwaukee, WI",57621
"Monroe, WI",57129
"Oconto, WI",57532
"Oneida, WI",59463
"Outagamie, WI",67095
"Ozaukee, WI",98867
"Pepin, WI",58766
"Pierce, WI",68814
"Polk, WI",59676
"Portage, WI",61330
"Price, WI",50193
"Racine, WI",66705
"Richland, WI",51577
"Rock, WI",59970
"Rusk, WI",47925
"St. Croix, WI",79765
"Sauk, WI",60406
"Sawyer, WI",50545
"Shawano, WI",54562
"Sheboygan, WI",62957
"Taylor, WI",53026
"Trempealeau, WI",55925
"Vernon, WI",51678
"Vilas, WI",58556
"Walworth, WI",67642
"Washburn, WI",51052
"Washington, WI",76803
"Waukesha, WI",92497
"Waupaca, WI",54793
"Waushara, WI",51124
"Winnebago, WI",63840
"Wood, WI",57914
"Albany, WY",57357
"Big Horn, WY",57992
"Campbell, WY",83610
"Carbon, WY",62956
"Converse, WY",65070
"Crook, WY",55969
"Fremont, WY",59453
"Goshen, WY",49892
"Hot Springs, WY",54146
"Johnson, WY",57963
"Laramie, WY",65152
"Lincoln, WY",63196
"Natrona, WY",67153
"Niobrara, WY",56475
"Park, WY",57513
"Platte, WY",52091
"Sheridan, WY",58124
"Sublette, WY",82692
"Sweetwater, WY",77367
"Teton, WY",93004
"Uinta, WY",67885
"Washakie, WY",73026
"Weston, WY",64083
